Valor,Contagem
0,80
1,62
2,88
3,65
4,92
5,88
6,28
7,58
8,11
9,224
Valor,Contagem
0,25
1,65
2,16
3,108
4,62
5,46
6,56
7,48
8,60
9,309
Valor,Contagem
0,25
1,48
2,77
3,96
4,52
5,97
6,19
7,61
8,150
9,169
Valor,Contagem
0,101
1,44
2,124
3,110
4,4
5,135
6,61
7,44
8,123
9,48
Valor,Contagem
0,28
1,71
2,68
3,212
4,55
5,73
6,29
7,50
8,99
9,112
Valor,Contagem
0,49
1,30
2,325
3,24
4,42
5,27
6,71
7,16
8,92
9,120
Valor,Contagem
0,83
1,77
2,80
3,40
4,94
5,75
6,92
7,26
8,199
9,30
Valor,Contagem
0,72
1,66
2,174
3,107
4,17
5,81
6,28
7,110
8,79
9,62
Valor,Contagem
0,51
1,8
2,153
3,26
4,84
5,240
6,28
7,76
8,56
9,74
Valor,Contagem
0,2
1,45
2,163
3,2
4,62
5,112
6,108
7,140
8,94
9,69
Valor,Contagem
0,36
1,58
2,146
3,26
4,78
5,105
6,52
7,88
8,124
9,82
Valor,Contagem
1,95
2,64
3,52
4,122
5,99
6,124
7,104
8,82
9,54
Valor,Contagem
0,49
1,92
2,77
3,79
4,48
5,108
6,118
7,89
8,80
9,56
Valor,Contagem
0,49
1,13
2,49
3,60
4,84
5,111
6,140
7,48
8,198
9,44
Valor,Contagem
0,105
1,90
2,80
3,23
4,60
5,84
6,69
7,92
8,45
9,148
Valor,Contagem
0,226
1,101
2,97
3,39
4,50
5,37
6,8
7,168
8,64
9,7
Valor,Contagem
0,145
1,31
2,194
3,66
4,149
5,44
6,33
7,16
8,32
9,85
Valor,Contagem
0,156
1,72
2,82
3,99
4,10
5,52
6,71
7,111
8,45
9,99
Valor,Contagem
0,54
1,4
2,36
3,63
4,168
5,145
6,84
7,60
8,178
9,4
Valor,Contagem
0,29
1,37
2,13
3,60
4,368
5,64
6,4
7,95
8,64
9,63
Valor,Contagem
0,112
1,137
2,79
3,32
4,28
5,226
6,57
7,46
8,53
9,27
Valor,Contagem
0,15
1,113
2,134
3,66
4,50
5,99
6,49
7,182
8,80
9,8
Valor,Contagem
0,80
1,12
2,124
3,141
4,64
5,48
6,160
7,44
8,71
9,53
Valor,Contagem
0,104
1,86
2,120
3,20
4,36
5,24
6,228
7,57
8,55
9,65
Valor,Contagem
0,29
1,10
2,116
3,116
4,194
5,8
6,30
7,21
8,169
9,104
Valor,Contagem
0,72
1,33
2,158
3,124
4,196
5,46
6,25
7,41
8,45
9,54
Valor,Contagem
0,23
1,239
2,76
3,35
4,111
5,26
6,59
7,15
8,150
9,63
Valor,Contagem
0,35
1,112
2,84
3,76
4,159
5,29
6,80
7,132
8,24
9,66
Valor,Contagem
0,185
1,34
2,24
3,108
4,20
5,28
6,48
7,151
8,58
9,141
Valor,Contagem
0,87
1,71
2,81
3,16
4,32
5,81
6,40
7,128
8,97
9,163
Valor,Contagem
0,68
1,27
2,97
3,20
4,59
5,100
6,78
7,36
8,112
9,200
Valor,Contagem
0,72
1,8
2,79
3,95
4,69
5,110
6,151
7,105
8,60
9,48
Valor,Contagem
0,49
1,163
2,64
3,43
4,32
5,92
6,13
7,43
8,236
9,61
Valor,Contagem
0,54
1,105
2,57
3,174
4,134
5,115
6,51
7,22
8,17
9,67
Valor,Contagem
0,27
1,99
2,127
3,127
4,90
5,23
6,80
7,84
8,59
9,81
Valor,Contagem
0,59
1,80
2,32
3,32
4,228
5,56
6,230
7,28
8,12
9,40
Valor,Contagem
0,16
1,45
2,108
3,91
4,49
5,25
6,111
7,231
8,112
9,8
Valor,Contagem
0,56
1,59
2,129
3,119
4,68
5,119
6,41
7,28
8,91
9,86
Valor,Contagem
0,156
1,17
2,33
3,44
4,110
5,132
6,90
7,111
8,89
9,15
Valor,Contagem
0,23
1,156
2,3
3,21
4,67
5,94
6,200
7,25
8,152
9,55
Valor,Contagem
0,101
1,102
2,113
3,58
4,31
5,87
6,157
7,32
8,40
9,74
Valor,Contagem
0,6
1,118
2,60
3,173
4,31
5,75
6,42
7,121
8,150
9,20
Valor,Contagem
0,94
1,150
2,10
3,97
4,104
5,56
6,85
7,32
8,59
9,109
Valor,Contagem
0,151
1,126
2,116
3,22
4,74
5,52
6,71
7,56
8,77
9,51
Valor,Contagem
0,84
1,67
2,106
3,38
4,124
5,28
6,130
7,30
8,80
9,110
Valor,Contagem
0,98
1,127
2,7
3,32
4,114
5,40
6,8
7,148
8,109
9,113
Valor,Contagem
0,56
1,72
2,112
3,80
4,44
5,41
6,174
7,76
8,53
9,89
Valor,Contagem
0,4
1,72
2,68
3,78
4,143
5,64
6,76
7,75
8,44
9,172
Valor,Contagem
0,120
1,3
2,192
3,8
4,51
5,142
6,36
7,20
8,107
9,119
Valor,Contagem
0,30
1,69
2,108
3,77
4,180
5,101
6,59
7,67
8,39
9,66
Valor,Contagem
0,19
1,57
2,40
3,172
4,66
5,56
6,64
7,176
8,40
9,106
Valor,Contagem
0,51
1,241
2,134
3,69
4,55
5,75
6,32
7,41
8,11
9,88
Valor,Contagem
0,163
1,31
2,56
3,42
4,81
5,30
6,100
7,107
8,119
9,68
Valor,Contagem
0,84
1,128
2,47
3,60
4,131
5,69
6,60
7,22
8,70
9,124
Valor,Contagem
0,67
1,116
2,20
3,103
4,56
5,82
6,43
7,8
8,96
9,206
Valor,Contagem
0,43
1,90
2,58
3,87
4,16
5,116
6,52
7,130
8,119
9,86
Valor,Contagem
0,85
1,79
2,35
3,122
4,76
5,44
6,76
7,169
8,89
9,22
Valor,Contagem
0,66
1,49
2,28
3,91
4,14
5,204
6,128
7,51
8,79
9,87
Valor,Contagem
0,35
1,51
2,139
3,148
4,102
5,13
6,110
7,43
8,106
9,49
Valor,Contagem
0,197
1,36
2,50
3,73
4,142
5,64
6,49
7,42
8,67
9,75
Valor,Contagem
0,28
1,15
2,128
3,61
4,100
5,40
6,106
7,121
8,8
9,188
Valor,Contagem
0,36
1,69
2,31
3,211
4,131
5,92
6,122
7,37
8,50
9,18
Valor,Contagem
0,139
1,25
2,4
3,62
4,183
5,53
6,125
7,26
8,31
9,148
Valor,Contagem
0,83
1,78
2,137
3,64
4,96
5,64
6,58
7,38
8,54
9,124
Valor,Contagem
0,16
1,221
2,164
3,64
4,80
5,70
6,14
7,10
8,77
9,79
Valor,Contagem
0,4
1,58
2,92
3,68
4,199
5,108
6,19
7,45
8,156
9,47
Valor,Contagem
0,28
1,216
2,84
3,102
4,132
5,58
6,76
7,76
8,17
9,7
Valor,Contagem
0,94
1,29
2,59
3,28
4,203
5,59
6,35
7,76
8,98
9,115
Valor,Contagem
0,116
1,124
2,161
3,14
4,62
5,104
6,85
7,36
8,56
9,37
Valor,Contagem
0,56
1,20
2,15
3,184
4,118
5,113
6,148
7,64
8,56
9,21
Valor,Contagem
0,122
1,53
2,25
3,74
4,110
5,223
6,19
7,28
8,97
9,45
Valor,Contagem
0,60
1,77
2,44
3,96
4,165
5,52
6,147
7,12
8,77
9,65
Valor,Contagem
0,139
1,102
2,128
3,19
4,32
5,79
6,80
7,65
8,92
9,60
Valor,Contagem
0,150
1,88
2,16
3,19
4,133
5,26
6,79
7,80
8,61
9,144
Valor,Contagem
0,92
1,69
2,45
3,104
4,25
5,58
6,100
7,46
8,233
9,24
Valor,Contagem
0,205
1,30
2,64
3,53
4,56
5,72
6,137
7,87
8,30
9,62
Valor,Contagem
0,192
1,10
2,41
3,144
4,10
5,61
6,20
7,100
8,40
9,177
Valor,Contagem
0,161
1,121
2,110
3,76
4,100
5,81
6,19
7,55
8,62
9,11
Valor,Contagem
0,94
1,57
2,90
3,30
4,24
5,16
6,175
7,131
8,96
9,83
Valor,Contagem
0,91
1,75
2,96
3,125
4,118
5,95
6,38
7,68
8,27
9,64
Valor,Contagem
0,149
1,60
2,124
3,102
4,42
5,82
6,47
7,123
8,4
9,64
Valor,Contagem
0,60
1,114
2,105
3,38
4,42
5,213
6,17
7,52
8,125
9,28
Valor,Contagem
0,50
1,109
2,87
3,55
4,136
5,116
6,72
7,14
8,37
9,120
Valor,Contagem
0,64
1,191
2,139
3,114
4,48
5,53
6,60
7,48
8,27
9,52
Valor,Contagem
0,101
1,28
2,79
3,80
4,159
5,133
6,44
7,85
8,24
9,64
Valor,Contagem
0,54
1,32
2,310
3,117
4,35
5,22
6,78
7,40
8,85
9,23
Valor,Contagem
0,39
1,195
2,32
3,78
4,78
5,28
6,124
7,24
8,168
9,32
Valor,Contagem
0,82
1,60
2,116
3,129
4,73
5,42
6,112
7,78
8,68
9,36
Valor,Contagem
0,37
1,93
2,81
3,252
4,49
5,85
6,48
7,16
8,36
9,97
Valor,Contagem
0,70
1,50
2,109
3,180
4,29
5,40
6,116
7,20
8,100
9,81
Valor,Contagem
0,204
1,100
2,64
3,22
4,131
5,13
6,107
7,114
8,20
9,20
Valor,Contagem
0,60
1,104
2,51
3,128
4,151
5,117
6,56
7,8
8,92
9,28
Valor,Contagem
0,151
1,48
2,72
3,136
4,116
5,47
6,57
7,39
8,90
9,40
Valor,Contagem
0,74
1,55
2,63
3,72
4,84
5,57
6,43
7,174
8,116
9,59
Valor,Contagem
0,52
1,32
2,187
3,64
4,185
5,58
6,32
7,88
8,44
9,56
Valor,Contagem
0,44
1,78
2,24
3,28
4,105
5,164
6,85
7,180
8,87
9,3
Valor,Contagem
0,92
1,78
2,68
3,19
4,101
5,52
6,82
7,56
8,245
9,4
Valor,Contagem
0,53
1,69
2,88
3,40
4,18
5,17
6,87
7,204
8,139
9,80
Valor,Contagem
0,40
1,44
2,131
3,81
4,23
5,116
6,108
7,77
8,21
9,156
Valor,Contagem
0,172
1,45
2,142
3,32
4,31
5,53
6,151
7,61
8,65
9,44
Valor,Contagem
0,24
1,196
2,72
3,108
4,124
5,94
6,46
7,27
8,45
9,60
Valor,Contagem
0,44
1,80
2,46
3,10
4,18
5,33
6,47
7,154
8,187
9,177
Valor,Contagem
0,91
1,30
2,3
3,131
4,93
5,30
6,92
7,56
8,189
9,81
Valor,Contagem
0,53
1,55
2,44
3,74
4,41
5,35
6,314
7,40
8,103
9,36
Valor,Contagem
0,76
1,21
2,37
3,189
4,76
5,61
6,52
7,20
8,110
9,152
Valor,Contagem
0,70
1,87
2,65
3,92
4,156
5,39
6,81
7,28
8,150
9,28
Valor,Contagem
0,93
1,128
2,72
3,147
4,38
5,103
6,65
7,16
8,69
9,64
Valor,Contagem
0,84
1,8
2,47
3,193
4,46
5,39
6,31
7,129
8,144
9,76
Valor,Contagem
0,77
1,97
2,98
3,51
4,53
5,61
6,68
7,47
8,220
9,23
Valor,Contagem
0,90
1,47
2,84
3,108
4,49
5,25
6,106
7,101
8,158
9,28
Valor,Contagem
0,34
1,130
2,8
3,92
4,90
5,113
6,48
7,64
8,106
9,111
Valor,Contagem
0,48
1,146
2,232
3,61
4,52
5,26
6,39
7,40
8,52
9,99
Valor,Contagem
0,62
1,89
2,171
3,23
4,213
5,60
6,36
7,4
8,52
9,86
Valor,Contagem
0,95
1,6
2,88
3,148
4,52
5,51
6,104
7,79
8,60
9,113
Valor,Contagem
0,88
1,13
2,171
3,52
4,53
5,56
6,62
7,188
8,92
9,21
Valor,Contagem
0,125
1,70
2,96
3,83
4,33
5,48
6,200
7,36
8,99
9,7
Valor,Contagem
0,80
1,33
2,51
3,36
4,111
5,112
6,140
7,13
8,188
9,32
Valor,Contagem
0,82
1,57
2,131
3,88
4,172
5,55
6,36
7,99
8,51
9,26
Valor,Contagem
0,72
1,43
2,137
3,22
4,16
5,113
6,79
7,82
8,200
9,32
Valor,Contagem
0,156
1,44
2,48
3,248
4,46
5,54
6,44
7,32
8,78
9,46
Valor,Contagem
0,33
1,100
2,55
3,65
4,44
5,24
6,126
7,87
8,67
9,196
Valor,Contagem
0,78
1,26
2,44
3,41
4,65
5,64
6,110
7,100
8,137
9,130
Valor,Contagem
0,28
1,92
2,38
3,125
4,210
5,71
6,6
7,64
8,51
9,112
Valor,Contagem
0,81
1,80
2,47
3,67
4,86
5,63
6,56
7,94
8,162
9,60
Valor,Contagem
0,32
1,56
2,12
3,226
4,86
5,27
6,130
7,44
8,78
9,106
Valor,Contagem
0,56
1,127
2,133
3,118
4,19
5,55
6,16
7,24
8,202
9,47
Valor,Contagem
0,29
1,80
2,111
3,87
4,124
5,79
6,55
7,51
8,45
9,136
Valor,Contagem
0,37
1,57
2,45
3,17
4,129
5,193
6,105
7,2
8,83
9,127
Valor,Contagem
0,195
1,183
2,61
3,36
4,55
5,36
6,113
7,18
8,7
9,92
Valor,Contagem
0,15
1,26
2,92
3,49
4,92
5,147
6,76
7,55
8,110
9,135
Valor,Contagem
0,40
1,76
2,8
3,96
4,111
5,35
6,118
7,188
8,20
9,105
Valor,Contagem
0,38
1,29
2,27
3,229
4,77
5,198
6,28
7,76
8,36
9,58
Valor,Contagem
0,95
1,116
2,55
3,109
4,69
5,19
6,44
7,52
8,152
9,84
Valor,Contagem
0,22
1,86
2,44
3,120
4,87
5,26
6,53
7,140
8,100
9,118
Valor,Contagem
0,81
1,50
2,176
3,51
4,18
5,56
6,40
7,136
8,32
9,155
Valor,Contagem
0,167
1,24
2,82
3,80
4,40
5,77
6,24
7,114
8,138
9,50
Valor,Contagem
0,177
1,102
2,89
3,22
4,109
5,82
6,56
7,72
8,48
9,40
Valor,Contagem
0,65
1,96
2,94
3,24
4,92
5,33
6,156
7,39
8,80
9,116
Valor,Contagem
0,16
1,87
2,84
3,36
4,38
5,109
6,190
7,112
8,28
9,96
Valor,Contagem
0,166
1,12
2,29
3,316
4,35
5,63
6,20
7,19
8,44
9,92
Valor,Contagem
0,30
1,60
2,26
3,56
4,73
5,73
6,90
7,80
8,96
9,212
Valor,Contagem
0,5
1,158
2,84
3,60
4,19
5,205
6,72
7,54
8,37
9,102
Valor,Contagem
0,64
1,117
2,84
3,29
4,78
5,60
6,160
7,49
8,66
9,88
Valor,Contagem
0,84
1,43
2,106
3,108
4,65
5,152
6,52
7,40
8,131
9,16
Valor,Contagem
0,111
1,39
2,148
3,76
4,143
5,8
6,50
7,16
8,108
9,98
Valor,Contagem
0,116
1,147
2,44
3,34
4,84
5,44
6,37
7,132
8,150
9,9
Valor,Contagem
0,105
1,102
2,72
3,103
4,42
5,195
6,16
7,76
8,38
9,48
Valor,Contagem
0,51
1,53
2,152
3,12
4,32
5,82
6,40
7,146
8,92
9,136
Valor,Contagem
0,67
1,144
2,48
3,35
4,89
5,56
6,71
7,112
8,108
9,65
Valor,Contagem
0,3
1,40
2,188
3,88
4,65
5,13
6,180
7,100
8,34
9,84
Valor,Contagem
0,113
1,57
2,67
3,18
4,64
5,128
6,60
7,31
8,56
9,203
Valor,Contagem
0,24
1,91
2,165
3,49
4,148
5,78
6,64
7,66
8,36
9,76
Valor,Contagem
0,20
1,24
2,20
3,100
4,20
5,102
6,233
7,160
8,53
9,61
Valor,Contagem
0,242
1,54
2,82
3,56
4,15
5,92
6,36
7,8
8,38
9,173
Valor,Contagem
0,46
1,64
2,20
3,256
4,99
5,56
6,102
7,72
8,48
9,34
Valor,Contagem
0,118
1,39
2,27
3,133
4,12
5,152
6,69
7,93
8,26
9,127
Valor,Contagem
0,80
1,24
2,60
3,33
4,125
5,99
6,178
7,74
8,20
9,103
Valor,Contagem
0,22
1,55
2,103
3,45
4,244
5,28
6,82
7,84
8,45
9,88
Valor,Contagem
0,92
1,21
2,68
3,105
4,32
5,77
6,114
7,95
8,100
9,91
Valor,Contagem
0,121
1,54
2,82
3,24
4,114
5,39
6,153
7,76
8,8
9,124
Valor,Contagem
0,216
1,134
2,161
3,6
4,120
5,42
6,67
7,16
8,12
9,21
Valor,Contagem
0,76
1,42
2,117
3,99
4,49
5,150
6,7
7,148
8,20
9,88
Valor,Contagem
0,145
1,22
2,200
3,47
4,69
5,27
6,78
7,57
8,97
9,53
Valor,Contagem
0,77
1,46
2,134
3,61
4,105
5,27
6,134
7,133
8,15
9,64
Valor,Contagem
0,33
1,22
2,56
3,40
4,152
5,21
6,99
7,69
8,272
9,32
Valor,Contagem
0,80
1,47
2,34
3,151
4,48
5,31
6,105
7,113
8,99
9,88
Valor,Contagem
0,44
1,46
2,15
3,276
4,128
5,72
6,16
7,103
8,38
9,58
Valor,Contagem
0,48
1,84
2,88
3,76
4,55
5,38
6,72
7,163
8,90
9,83
Valor,Contagem
0,77
1,117
2,37
3,7
4,69
5,103
6,28
7,72
8,32
9,253
Valor,Contagem
0,112
1,29
2,153
3,113
4,57
5,91
6,61
7,26
8,79
9,75
Valor,Contagem
0,83
1,46
2,64
3,39
4,55
5,140
6,76
7,52
8,116
9,125
Valor,Contagem
0,51
1,117
2,61
3,44
4,11
5,50
6,112
7,132
8,113
9,104
Valor,Contagem
0,140
1,101
2,23
3,163
4,15
5,110
6,71
7,43
8,44
9,88
Valor,Contagem
0,32
1,76
2,69
3,127
4,74
5,80
6,91
7,30
8,60
9,157
Valor,Contagem
0,24
1,139
2,28
3,57
4,95
5,89
6,74
7,33
8,134
9,122
Valor,Contagem
0,9
1,23
2,131
3,146
4,100
5,66
6,167
7,105
8,22
9,28
Valor,Contagem
0,156
1,24
2,64
3,32
4,116
5,10
6,172
7,57
8,53
9,113
Valor,Contagem
0,96
1,156
2,48
3,168
4,24
5,23
6,11
7,87
8,22
9,162
Valor,Contagem
0,30
1,24
2,77
3,33
4,110
5,29
6,41
7,232
8,29
9,190
Valor,Contagem
0,80
1,30
2,96
3,252
4,38
5,49
6,23
7,164
8,38
9,27
Valor,Contagem
0,217
1,49
2,77
3,11
4,84
5,34
6,166
7,64
8,68
9,26
Valor,Contagem
0,20
1,64
2,182
3,43
4,32
5,132
6,3
7,107
8,59
9,154
Valor,Contagem
0,116
1,68
2,6
3,32
4,234
5,137
6,59
7,47
8,40
9,57
Valor,Contagem
0,16
1,123
2,166
3,86
4,48
5,75
6,27
7,156
8,69
9,32
Valor,Contagem
0,127
1,187
2,61
3,20
4,38
5,47
6,135
7,17
8,104
9,60
Valor,Contagem
0,85
1,98
2,29
3,82
4,21
5,39
6,151
7,67
8,17
9,207
Valor,Contagem
0,69
1,60
2,107
3,64
4,210
5,38
6,108
7,19
8,84
9,38
Valor,Contagem
0,53
1,65
2,89
3,213
4,82
5,12
6,134
7,33
8,23
9,92
Valor,Contagem
0,139
1,76
2,52
3,149
4,44
5,93
6,18
7,99
8,9
9,118
Valor,Contagem
0,62
1,132
2,84
3,97
4,77
5,44
6,23
7,76
8,48
9,152
Valor,Contagem
0,51
1,67
2,66
3,70
4,102
5,76
6,104
7,100
8,107
9,54
Valor,Contagem
0,71
1,92
2,111
3,43
4,22
5,116
6,128
7,60
8,36
9,117
Valor,Contagem
0,43
1,91
2,43
3,181
4,28
5,121
6,27
7,66
8,133
9,64
Valor,Contagem
0,23
1,90
2,86
3,93
4,208
5,63
6,55
7,28
8,76
9,75
Valor,Contagem
0,30
1,97
2,17
3,116
4,101
5,153
6,44
7,99
8,63
9,76
Valor,Contagem
0,236
1,20
2,141
3,99
4,16
5,17
6,116
7,28
8,56
9,67
Valor,Contagem
0,77
1,2
2,59
3,59
4,84
5,113
6,79
7,169
8,81
9,73
Valor,Contagem
0,32
1,16
2,74
3,136
4,89
5,30
6,181
7,72
8,110
9,55
Valor,Contagem
0,32
1,16
2,59
3,152
4,65
5,147
6,89
7,128
8,68
9,40
Valor,Contagem
0,135
1,111
2,132
3,74
4,26
5,69
6,108
7,81
8,4
9,57
Valor,Contagem
0,10
1,437
2,21
3,65
4,51
5,16
6,32
7,36
8,54
9,72
Valor,Contagem
0,25
1,146
2,130
3,97
4,32
5,100
6,35
7,30
8,134
9,66
Valor,Contagem
0,53
1,51
2,11
3,63
4,20
5,252
6,110
7,108
8,98
9,30
Valor,Contagem
0,100
1,108
2,11
3,67
4,112
5,80
6,152
7,73
8,46
9,47
Valor,Contagem
0,56
1,53
2,5
3,274
4,48
5,42
6,76
7,136
8,90
9,15
Valor,Contagem
0,138
1,32
2,111
3,16
4,71
5,93
6,100
7,79
8,107
9,51
Valor,Contagem
0,68
1,78
2,90
3,129
4,126
5,12
6,177
7,28
8,60
9,28
Valor,Contagem
0,62
1,112
2,15
3,150
4,70
5,104
6,60
7,44
8,64
9,116
Valor,Contagem
0,112
1,20
2,49
3,80
4,75
5,67
6,44
7,130
8,176
9,44
Valor,Contagem
0,72
1,19
2,51
3,65
4,52
5,120
6,216
7,125
8,22
9,56
Valor,Contagem
0,92
1,47
2,60
3,222
4,61
5,104
6,19
7,38
8,71
9,82
Valor,Contagem
0,48
1,39
2,152
3,58
4,68
5,7
6,81
7,105
8,62
9,177
Valor,Contagem
0,85
1,95
2,47
3,108
4,39
5,17
6,95
7,126
8,46
9,138
Valor,Contagem
0,176
1,23
2,115
3,91
4,109
5,80
6,22
7,68
8,49
9,64
Valor,Contagem
0,88
1,26
2,84
3,30
4,70
5,63
6,110
7,168
8,123
9,35
Valor,Contagem
0,144
1,208
2,88
3,33
4,19
5,33
6,39
7,111
8,18
9,104
Valor,Contagem
0,80
1,70
2,24
3,45
4,240
5,84
6,52
7,18
8,59
9,124
Valor,Contagem
0,8
1,124
2,83
3,135
4,15
5,108
6,90
7,164
8,20
9,48
Valor,Contagem
0,203
1,84
2,44
3,196
4,21
5,40
6,12
7,41
8,64
9,89
Valor,Contagem
0,59
1,112
2,26
3,267
4,35
5,21
6,166
7,35
8,48
9,28
Valor,Contagem
0,10
1,27
2,100
3,128
4,127
5,105
6,45
7,109
8,46
9,99
Valor,Contagem
0,95
1,85
2,112
3,41
4,50
5,145
6,86
7,53
8,52
9,76
Valor,Contagem
0,56
1,29
2,50
3,52
4,184
5,178
6,79
7,90
8,18
9,59
Valor,Contagem
0,68
1,116
2,35
3,60
4,17
5,84
6,13
7,65
8,116
9,222
Valor,Contagem
0,16
1,102
2,91
3,27
4,209
5,40
6,61
7,57
8,146
9,48
Valor,Contagem
0,68
1,114
2,70
3,85
4,48
5,44
6,26
7,164
8,45
9,131
Valor,Contagem
0,60
1,68
2,23
3,26
4,60
5,4
6,98
7,88
8,196
9,172
Valor,Contagem
0,52
1,44
2,178
3,38
4,50
5,102
6,80
7,57
8,121
9,73
Valor,Contagem
0,9
1,47
2,66
3,64
4,176
5,100
6,102
7,163
8,56
9,13
Valor,Contagem
0,220
1,4
2,1
3,78
4,18
5,86
6,75
7,214
8,27
9,74
Valor,Contagem
0,196
1,45
2,74
3,18
4,52
5,92
6,81
7,93
8,99
9,47
Valor,Contagem
0,60
1,36
2,116
3,104
4,74
5,97
6,20
7,207
8,12
9,71
Valor,Contagem
0,64
1,75
2,30
3,92
4,120
5,40
6,107
7,162
8,21
9,85
Valor,Contagem
0,60
1,88
2,80
3,100
4,35
5,65
6,77
7,40
8,132
9,118
Valor,Contagem
0,25
1,46
2,184
3,92
4,96
5,29
6,65
7,97
8,68
9,94
Valor,Contagem
0,69
1,157
2,86
3,44
4,64
5,28
6,104
7,8
8,81
9,155
Valor,Contagem
0,27
1,55
2,76
3,140
4,96
5,16
6,206
7,82
8,71
9,27
Valor,Contagem
0,55
1,32
2,126
3,31
4,15
5,112
6,50
7,225
8,71
9,80
Valor,Contagem
0,28
1,89
2,89
3,84
4,43
5,47
6,158
7,58
8,107
9,93
Valor,Contagem
0,135
1,61
2,84
3,19
4,76
6,53
7,223
8,48
9,97
Valor,Contagem
0,53
1,100
2,91
3,100
4,144
5,47
6,36
7,120
8,60
9,45
Valor,Contagem
0,14
1,44
2,40
3,27
4,92
5,36
6,345
7,54
8,49
9,95
Valor,Contagem
0,13
1,104
2,98
3,25
4,20
5,112
6,135
7,61
8,144
9,83
Valor,Contagem
0,98
1,184
2,102
3,51
4,46
5,43
6,78
7,116
8,57
9,22
Valor,Contagem
0,40
1,44
2,80
3,97
4,157
5,40
6,97
7,15
8,176
9,50
Valor,Contagem
0,15
1,156
2,97
3,50
4,29
5,70
6,172
7,57
8,121
9,28
Valor,Contagem
0,19
1,83
2,89
3,136
4,83
5,57
6,46
7,102
8,80
9,101
Valor,Contagem
0,110
1,56
2,84
3,217
4,49
5,45
6,86
7,60
8,40
9,48
Valor,Contagem
0,19
1,37
2,25
3,136
4,78
5,136
6,76
7,76
8,51
9,163
Valor,Contagem
0,162
1,26
2,135
3,102
4,88
5,21
6,93
7,63
8,64
9,43
Valor,Contagem
0,153
1,44
2,32
3,149
4,66
5,67
6,83
7,55
8,3
9,144
Valor,Contagem
0,149
1,90
2,199
3,20
4,114
5,32
6,15
7,80
8,70
9,28
Valor,Contagem
0,47
1,37
2,29
3,32
4,145
5,69
6,55
7,64
8,212
9,106
Valor,Contagem
0,53
1,28
2,132
3,32
4,150
5,61
6,24
7,204
8,15
9,96
Valor,Contagem
0,64
1,106
2,63
3,32
4,58
5,52
6,79
7,140
8,26
9,176
Valor,Contagem
0,70
1,83
2,62
3,11
4,32
5,31
6,350
7,101
8,45
9,12
Valor,Contagem
0,47
1,48
2,152
3,25
4,44
5,96
6,22
7,11
8,298
9,53
Valor,Contagem
0,59
1,12
2,157
3,198
4,30
5,16
6,95
7,23
8,116
9,91
Valor,Contagem
0,49
1,48
2,14
3,120
4,67
5,130
6,110
7,147
8,97
9,14
Valor,Contagem
0,92
1,28
2,29
3,91
4,60
5,37
6,62
7,178
8,79
9,140
Valor,Contagem
0,44
1,37
2,36
3,36
4,20
5,8
6,70
7,249
8,122
9,172
Valor,Contagem
0,33
1,38
2,36
3,186
4,12
5,146
6,24
7,28
8,186
9,108
Valor,Contagem
0,51
1,82
2,60
3,96
4,111
5,50
6,69
7,85
8,133
9,60
Valor,Contagem
0,94
1,42
2,39
3,174
4,26
5,115
6,8
7,39
8,198
9,61
Valor,Contagem
0,96
1,107
2,48
3,134
4,129
5,122
6,4
7,70
8,37
9,49
Valor,Contagem
0,78
1,169
2,99
3,52
4,77
5,49
6,162
7,44
8,40
9,24
Valor,Contagem
0,162
1,44
2,57
3,147
4,88
5,12
6,82
7,57
8,87
9,59
Valor,Contagem
0,14
1,100
2,73
3,101
4,139
5,132
6,4
7,144
8,23
9,66
Valor,Contagem
0,55
1,86
2,62
3,88
4,144
5,68
6,128
7,33
8,33
9,98
Valor,Contagem
0,48
1,76
2,108
3,83
4,193
5,7
6,39
7,136
8,40
9,66
Valor,Contagem
0,38
1,78
2,158
3,80
4,16
5,126
6,121
7,72
8,16
9,91
Valor,Contagem
0,63
1,8
2,58
3,29
4,120
5,48
6,301
7,105
8,36
9,27
Valor,Contagem
0,8
1,180
2,82
3,16
4,40
5,40
6,26
7,145
8,131
9,128
Valor,Contagem
0,20
1,49
2,65
3,140
4,150
5,54
6,146
7,72
8,33
9,67
Valor,Contagem
0,39
1,9
2,48
3,42
4,29
5,195
6,15
7,60
8,272
9,88
Valor,Contagem
0,153
1,25
2,115
3,171
4,64
5,62
6,59
7,50
8,49
9,48
Valor,Contagem
0,140
1,24
2,99
3,20
4,60
5,182
6,71
7,60
8,82
9,60
Valor,Contagem
0,60
1,40
2,88
3,70
4,118
5,26
6,68
7,40
8,149
9,136
Valor,Contagem
0,24
1,124
2,41
3,87
4,77
5,133
6,148
7,36
8,88
9,38
Valor,Contagem
0,17
1,86
2,87
3,33
4,103
5,34
6,103
7,121
8,89
9,123
Valor,Contagem
0,63
1,81
2,220
3,42
4,69
5,58
6,107
7,35
8,6
9,115
Valor,Contagem
0,6
1,40
2,67
3,61
4,14
5,140
6,68
7,34
8,152
9,214
Valor,Contagem
0,172
1,11
2,2
3,40
4,208
5,72
6,84
7,32
8,110
9,67
Valor,Contagem
0,72
1,57
2,165
3,46
4,46
5,122
6,96
7,78
8,51
9,64
Valor,Contagem
0,42
1,79
2,41
3,151
4,99
5,66
6,3
7,219
8,12
9,85
Valor,Contagem
0,244
1,36
2,52
3,59
4,35
5,61
6,35
7,188
8,32
9,55
Valor,Contagem
0,75
1,112
2,135
3,102
4,130
5,83
6,23
7,17
8,83
9,36
Valor,Contagem
0,64
1,146
2,90
3,16
4,100
5,99
6,86
7,73
8,66
9,56
Valor,Contagem
0,158
1,158
2,68
3,36
4,40
5,37
6,56
7,101
8,98
9,42
Valor,Contagem
0,104
1,61
2,28
3,56
4,6
5,143
6,62
7,157
8,22
9,157
Valor,Contagem
0,41
1,156
2,52
3,20
4,268
5,35
6,25
7,84
8,34
9,82
Valor,Contagem
0,33
1,80
2,102
3,104
4,130
5,46
6,66
7,36
8,180
9,18
Valor,Contagem
0,32
1,58
2,22
3,205
4,36
5,16
6,31
7,43
8,173
9,180
Valor,Contagem
0,19
1,23
2,140
3,80
4,99
5,50
6,125
7,52
8,77
9,132
Valor,Contagem
0,28
1,163
2,104
3,44
4,17
5,75
6,96
7,80
8,51
9,139
Valor,Contagem
0,155
1,152
2,141
3,16
4,120
5,39
6,44
7,48
8,65
9,17
Valor,Contagem
0,35
1,178
2,100
3,144
4,56
5,31
6,51
7,31
8,48
9,123
Valor,Contagem
0,71
1,38
2,154
3,136
4,142
5,35
6,25
7,66
8,54
9,76
Valor,Contagem
0,63
1,56
2,23
3,44
4,144
5,96
6,154
7,58
8,53
9,105
Valor,Contagem
0,84
1,75
2,50
3,29
4,75
5,140
6,106
7,72
8,112
9,53
Valor,Contagem
0,12
1,73
2,47
3,82
4,78
5,67
6,80
7,97
8,110
9,151
Valor,Contagem
0,78
1,57
2,148
3,21
4,17
5,42
6,7
7,22
8,128
9,276
Valor,Contagem
0,11
1,138
2,28
3,40
4,106
5,117
6,151
7,32
8,124
9,49
Valor,Contagem
0,52
1,75
2,136
3,142
4,26
5,61
6,75
7,20
8,153
9,56
Valor,Contagem
0,51
1,22
2,101
3,59
4,151
5,135
6,82
7,19
8,150
9,27
Valor,Contagem
0,68
1,88
2,65
3,120
4,102
5,73
6,136
7,71
8,10
9,63
Valor,Contagem
0,112
1,89
2,64
3,22
4,48
5,93
6,205
7,69
8,42
9,51
Valor,Contagem
0,99
1,157
2,176
3,24
4,109
5,59
6,36
7,36
8,3
9,97
Valor,Contagem
0,83
1,132
2,38
3,122
4,119
5,46
6,81
7,80
8,41
9,53
Valor,Contagem
0,27
1,38
2,19
3,136
4,131
5,166
6,107
7,101
8,24
9,48
Valor,Contagem
0,86
1,20
2,67
3,204
4,106
5,40
6,92
7,135
8,3
9,44
Valor,Contagem
0,117
1,39
2,84
3,20
4,140
5,70
6,101
7,56
8,119
9,51
Valor,Contagem
0,236
1,42
2,36
3,76
4,20
5,80
6,65
7,40
8,111
9,92
Valor,Contagem
0,90
1,42
2,160
3,177
4,40
5,63
6,47
7,56
8,92
9,28
Valor,Contagem
0,69
1,112
2,74
3,26
4,62
5,133
6,34
7,147
8,71
9,68
Valor,Contagem
0,44
1,91
2,56
3,44
4,144
5,70
6,16
7,217
8,32
9,82
Valor,Contagem
0,232
1,51
2,96
3,66
4,15
5,120
6,110
7,19
8,56
9,32
Valor,Contagem
0,77
1,97
2,16
3,128
4,20
5,69
6,53
7,133
8,132
9,71
Valor,Contagem
0,100
1,148
2,35
3,39
4,79
5,132
6,52
7,128
8,26
9,59
Valor,Contagem
0,49
1,113
2,47
3,32
4,48
5,60
6,170
7,12
8,170
9,95
Valor,Contagem
0,12
1,31
2,15
3,180
4,20
5,204
6,60
7,96
8,112
9,67
Valor,Contagem
0,60
1,24
2,40
3,30
4,93
5,130
6,148
7,115
8,78
9,78
Valor,Contagem
0,108
1,43
2,25
3,28
4,80
5,128
6,72
7,31
8,160
9,120
Valor,Contagem
0,62
1,168
2,58
3,49
4,12
5,31
6,25
7,44
8,224
9,124
Valor,Contagem
0,108
1,242
2,28
3,60
4,73
5,42
6,17
7,102
8,58
9,65
Valor,Contagem
0,24
1,95
2,8
3,44
4,4
5,248
6,121
7,117
8,33
9,101
Valor,Contagem
0,118
1,67
2,48
3,246
4,96
5,38
6,88
7,9
8,72
9,14
Valor,Contagem
0,96
1,63
2,39
3,83
4,80
5,120
6,63
7,100
8,87
9,66
Valor,Contagem
0,57
1,78
2,84
3,31
4,68
5,20
6,224
7,74
8,112
9,48
Valor,Contagem
0,124
1,38
2,119
3,101
4,29
5,108
6,121
7,116
8,28
9,13
Valor,Contagem
0,104
1,101
2,72
3,123
4,71
5,59
6,60
7,72
8,38
9,95
Valor,Contagem
0,100
1,60
2,15
3,20
4,54
5,120
6,71
7,44
8,149
9,163
Valor,Contagem
1,8
2,129
3,73
4,54
5,81
6,231
7,68
8,107
9,46
Valor,Contagem
0,110
1,18
2,100
3,64
4,93
5,73
6,4
7,134
8,141
9,58
Valor,Contagem
0,83
1,59
2,56
3,116
4,118
5,40
6,93
7,51
8,103
9,77
Valor,Contagem
0,102
1,72
2,14
3,69
4,93
5,115
6,82
7,36
8,63
9,151
Valor,Contagem
0,130
1,40
2,107
3,45
4,104
5,39
6,164
7,42
8,72
9,52
Valor,Contagem
0,21
1,222
2,85
3,83
4,48
5,80
6,56
7,32
8,72
9,97
Valor,Contagem
0,64
1,121
2,176
3,80
4,33
5,76
6,19
7,43
8,116
9,66
Valor,Contagem
0,140
1,25
2,49
3,156
4,122
5,47
6,60
7,64
8,45
9,88
Valor,Contagem
0,178
1,52
2,24
3,31
4,60
5,176
6,98
7,44
8,75
9,59
Valor,Contagem
0,24
1,70
2,31
3,108
4,15
5,77
6,204
7,134
8,59
9,76
Valor,Contagem
0,69
1,37
2,64
3,72
4,53
5,36
6,317
7,33
8,24
9,89
Valor,Contagem
0,85
1,85
2,178
3,57
4,36
5,93
6,148
7,44
8,20
9,49
Valor,Contagem
0,90
1,13
2,39
3,74
4,94
5,20
6,120
7,113
8,81
9,151
Valor,Contagem
0,64
1,96
2,80
3,40
4,32
5,24
6,104
7,240
8,88
9,31
Valor,Contagem
0,47
1,14
2,21
3,34
4,76
5,160
6,60
7,102
8,192
9,90
Valor,Contagem
0,162
1,12
2,77
3,52
4,34
5,32
6,34
7,120
8,123
9,152
Valor,Contagem
0,32
1,46
2,36
3,104
4,30
5,112
6,261
7,50
8,49
9,75
Valor,Contagem
0,52
1,50
2,157
3,132
4,60
5,85
6,84
7,51
8,77
9,48
Valor,Contagem
0,74
1,80
2,53
3,87
4,49
5,17
6,92
7,118
8,142
9,84
Valor,Contagem
0,91
1,86
2,158
3,48
4,114
5,75
6,97
7,24
8,16
9,88
Valor,Contagem
0,64
1,183
2,8
3,24
4,60
5,72
6,204
7,32
8,119
9,31
Valor,Contagem
0,107
1,77
2,153
3,20
4,81
5,77
6,2
7,196
8,60
9,22
Valor,Contagem
0,197
1,16
2,63
3,83
4,30
5,92
6,140
7,12
8,146
9,18
Valor,Contagem
0,38
1,179
2,156
3,30
4,42
5,68
6,20
7,80
8,60
9,124
Valor,Contagem
0,101
1,14
2,112
3,58
4,149
5,49
6,48
7,137
8,90
9,36
Valor,Contagem
0,27
1,96
2,88
3,66
4,137
5,127
6,27
7,83
8,76
9,69
Valor,Contagem
0,16
1,41
2,46
3,69
4,74
5,212
6,138
7,88
8,73
9,38
Valor,Contagem
0,60
1,105
2,293
3,29
4,65
5,21
6,24
7,88
8,49
9,60
Valor,Contagem
0,15
1,85
2,331
3,81
4,40
5,26
6,32
7,8
8,44
9,135
Valor,Contagem
0,60
1,132
2,110
3,51
4,43
5,77
6,62
7,170
8,46
9,45
Valor,Contagem
0,90
1,54
2,66
3,16
4,24
5,160
6,80
7,184
8,59
9,63
Valor,Contagem
0,57
1,87
2,106
3,23
4,48
5,110
6,138
7,16
8,73
9,137
Valor,Contagem
0,12
1,40
2,177
3,49
4,16
5,208
6,92
7,80
8,68
9,55
Valor,Contagem
0,35
1,64
2,129
3,175
4,58
5,123
6,40
7,7
8,74
9,92
Valor,Contagem
0,31
1,173
2,17
3,155
4,44
5,91
6,57
7,109
8,41
9,77
Valor,Contagem
0,88
1,79
2,31
3,199
4,28
5,56
6,204
7,29
8,59
9,24
Valor,Contagem
0,50
1,230
2,28
3,117
4,21
5,164
6,21
7,28
8,52
9,84
Valor,Contagem
0,160
1,29
2,4
3,40
4,108
5,21
6,104
7,97
8,86
9,148
Valor,Contagem
0,91
1,133
2,94
3,16
4,156
5,11
6,40
7,115
8,91
9,50
Valor,Contagem
0,43
1,104
2,183
3,135
4,128
5,42
6,26
7,110
9,26
Valor,Contagem
0,55
1,42
2,76
3,140
4,95
5,57
6,76
7,136
8,9
9,110
Valor,Contagem
0,71
1,95
2,84
3,168
4,26
5,94
6,48
7,76
8,54
9,80
Valor,Contagem
0,33
1,25
2,143
3,63
4,90
5,90
6,88
7,71
8,157
9,36
Valor,Contagem
0,82
1,97
2,87
3,55
4,55
5,48
6,66
7,72
8,103
9,131
Valor,Contagem
0,144
1,27
2,96
3,109
4,94
5,72
6,34
7,28
8,135
9,57
Valor,Contagem
0,124
1,148
2,21
3,171
4,2
5,20
6,120
7,69
8,36
9,84
Valor,Contagem
0,68
1,93
2,50
3,79
4,270
5,61
6,10
7,90
8,42
9,33
Valor,Contagem
0,107
1,17
2,141
3,68
4,43
5,49
6,122
7,111
8,22
9,116
Valor,Contagem
0,78
1,60
2,63
3,120
4,134
5,28
6,110
7,112
8,24
9,68
Valor,Contagem
0,62
1,111
2,102
3,40
4,35
5,204
6,42
7,92
8,29
9,80
Valor,Contagem
0,71
1,108
2,96
3,67
4,104
5,90
6,107
7,22
8,97
9,35
Valor,Contagem
0,144
1,142
2,97
3,9
4,21
5,27
6,40
7,83
8,153
9,80
Valor,Contagem
0,21
1,64
2,54
3,190
4,65
5,34
6,111
7,78
8,52
9,126
Valor,Contagem
0,89
1,63
2,50
3,104
4,29
5,35
6,119
7,72
8,195
9,40
Valor,Contagem
0,64
1,52
2,152
3,149
4,56
5,36
6,162
7,13
8,56
9,56
Valor,Contagem
0,42
1,15
2,92
3,136
4,53
5,21
6,87
7,159
8,41
9,151
Valor,Contagem
0,156
1,73
2,20
3,40
4,62
5,28
6,38
7,55
8,222
9,104
Valor,Contagem
0,38
1,81
2,250
3,128
4,8
5,90
6,30
7,14
8,123
9,34
Valor,Contagem
0,134
1,20
2,67
3,31
4,95
5,1
6,49
7,116
8,70
9,212
Valor,Contagem
0,127
1,44
2,135
3,84
4,33
5,35
6,69
7,126
8,7
9,136
Valor,Contagem
0,106
1,84
2,71
3,110
4,54
5,63
6,112
7,80
8,36
9,80
Valor,Contagem
0,91
1,37
2,17
3,201
4,50
5,126
6,84
7,47
8,32
9,112
Valor,Contagem
0,92
1,36
2,18
3,56
4,80
5,36
6,145
7,95
8,208
9,32
Valor,Contagem
0,29
1,8
2,84
3,153
4,63
5,50
6,35
7,132
8,159
9,83
Valor,Contagem
0,77
1,92
2,21
3,75
4,68
5,107
6,8
7,117
8,39
9,191
Valor,Contagem
0,20
1,195
2,148
3,74
4,43
5,154
6,58
7,22
8,60
9,22
Valor,Contagem
0,101
1,67
2,26
3,175
4,78
5,28
6,37
7,112
8,52
9,120
Valor,Contagem
0,82
1,171
2,28
3,38
4,24
5,160
6,21
7,20
8,55
9,198
Valor,Contagem
0,51
1,20
2,99
3,120
4,51
5,40
6,18
7,117
8,240
9,40
Valor,Contagem
0,36
1,36
2,55
3,128
4,42
5,139
6,38
7,147
8,98
9,77
Valor,Contagem
0,109
1,150
2,45
3,38
4,101
5,56
6,99
7,16
8,131
9,52
Valor,Contagem
0,86
1,136
2,49
3,84
4,52
5,28
6,141
7,66
8,124
9,28
Valor,Contagem
0,216
1,158
2,18
3,57
4,80
5,38
6,40
7,121
8,40
9,28
Valor,Contagem
0,24
1,80
2,39
3,84
4,22
5,36
6,191
7,115
8,57
9,148
Valor,Contagem
0,105
1,32
2,50
3,76
4,53
5,135
6,40
7,61
8,167
9,76
Valor,Contagem
0,19
1,103
2,40
3,30
4,59
5,109
6,48
7,105
8,149
9,135
Valor,Contagem
0,135
1,108
2,114
3,89
4,118
5,61
6,20
7,40
8,98
9,12
Valor,Contagem
0,24
1,24
2,228
3,85
4,12
5,40
6,118
7,80
8,31
9,154
Valor,Contagem
0,117
1,88
2,34
3,6
4,74
5,106
6,52
7,45
8,199
9,74
Valor,Contagem
0,19
1,60
2,128
3,57
4,46
5,72
6,150
7,56
8,105
9,103
Valor,Contagem
0,43
1,100
2,56
3,153
4,118
5,18
6,86
7,64
8,72
9,86
Valor,Contagem
0,94
1,184
2,27
3,52
4,144
5,22
6,83
7,58
8,39
9,94
Valor,Contagem
0,76
1,137
2,53
3,240
4,74
5,20
6,47
7,37
8,18
9,93
Valor,Contagem
0,160
1,39
2,76
3,140
4,136
5,17
6,48
7,6
8,59
9,116
Valor,Contagem
0,24
1,105
2,33
3,271
4,91
5,66
6,33
7,55
8,80
9,39
Valor,Contagem
0,73
1,152
2,88
3,62
4,72
5,9
6,53
7,54
8,118
9,113
Valor,Contagem
0,136
1,93
2,68
3,18
4,71
5,121
6,5
7,76
8,41
9,166
Valor,Contagem
0,142
1,32
2,69
3,25
4,34
5,74
6,156
7,171
8,33
9,60
Valor,Contagem
0,24
1,270
2,12
3,200
4,78
5,66
6,24
7,33
8,70
9,17
Valor,Contagem
0,16
1,9
2,64
3,153
4,85
5,121
6,74
7,53
8,68
9,152
Valor,Contagem
0,26
1,73
2,216
3,220
4,12
5,19
6,104
7,29
8,39
9,57
Valor,Contagem
0,126
1,11
2,123
3,16
4,118
5,67
6,124
7,80
8,20
9,112
Valor,Contagem
0,76
1,20
2,40
3,115
4,43
5,10
6,143
7,224
8,108
9,18
Valor,Contagem
0,78
1,44
2,30
3,68
4,42
5,60
6,137
7,108
8,12
9,216
Valor,Contagem
0,72
1,77
2,158
3,99
4,13
5,35
6,112
7,10
8,115
9,104
Valor,Contagem
0,75
1,67
2,46
3,56
4,90
5,23
6,96
7,146
8,100
9,99
Valor,Contagem
0,59
1,68
2,96
3,40
4,86
5,58
6,124
7,47
8,114
9,105
Valor,Contagem
0,47
1,59
2,18
3,114
4,160
5,51
6,103
7,56
8,159
9,31
Valor,Contagem
0,56
1,77
2,202
3,8
4,20
5,80
6,49
7,132
8,104
9,68
Valor,Contagem
0,70
1,232
2,90
3,23
4,24
5,65
6,40
7,141
8,8
9,104
Valor,Contagem
0,49
1,149
2,96
3,116
4,128
5,26
6,44
7,73
8,47
9,69
Valor,Contagem
0,137
1,10
2,36
3,168
4,76
5,31
6,59
7,79
8,144
9,56
Valor,Contagem
0,253
1,48
2,60
3,120
4,108
5,14
6,13
7,79
8,71
9,31
Valor,Contagem
0,30
1,120
2,189
3,70
4,49
5,75
6,35
7,120
8,58
9,49
Valor,Contagem
0,53
1,52
2,199
3,134
4,13
5,71
6,56
7,40
8,120
9,59
Valor,Contagem
0,93
1,59
2,90
3,48
4,100
5,140
6,40
7,62
8,43
9,120
Valor,Contagem
0,26
1,135
2,76
3,35
4,43
5,44
6,38
7,43
8,71
9,286
Valor,Contagem
0,92
1,34
2,30
3,82
4,137
5,60
6,198
7,135
8,16
9,12
Valor,Contagem
0,104
1,148
2,81
3,88
4,47
5,47
6,231
7,7
8,24
9,20
Valor,Contagem
0,25
1,87
2,130
3,48
4,99
5,88
6,100
7,31
8,154
9,33
Valor,Contagem
0,26
1,98
2,46
3,51
4,134
5,179
6,108
7,44
8,59
9,52
Valor,Contagem
0,10
1,90
2,10
3,123
4,216
5,57
6,90
7,68
8,59
9,72
Valor,Contagem
0,32
1,105
2,8
3,107
4,144
5,79
6,110
7,79
8,40
9,93
Valor,Contagem
0,3
1,110
2,97
3,36
4,52
5,35
6,183
7,59
8,194
9,27
Valor,Contagem
0,176
1,120
2,72
3,35
4,90
5,37
6,31
7,154
8,49
9,32
Valor,Contagem
0,232
1,121
2,26
3,35
4,122
5,20
6,56
7,13
8,94
9,77
Valor,Contagem
0,227
1,57
2,84
3,95
4,76
5,21
6,96
7,37
8,27
9,76
Valor,Contagem
0,60
1,88
2,40
3,121
4,111
5,100
6,45
7,55
8,78
9,97
Valor,Contagem
0,23
1,53
2,93
3,180
4,57
5,40
6,128
7,32
8,59
9,130
Valor,Contagem
0,81
1,49
2,146
3,77
4,66
5,140
6,78
7,33
8,71
9,54
Valor,Contagem
0,52
1,18
2,80
3,104
4,169
5,18
6,82
7,116
8,55
9,101
Valor,Contagem
0,50
1,74
2,61
3,51
4,119
5,119
6,82
7,19
8,113
9,108
Valor,Contagem
0,22
1,165
2,106
3,62
4,48
5,37
6,104
7,79
8,104
9,68
Valor,Contagem
0,124
1,22
2,143
3,36
4,103
5,72
6,167
7,15
8,30
9,84
Valor,Contagem
0,53
1,115
2,41
3,133
4,1
5,25
6,12
7,12
8,32
9,372
Valor,Contagem
0,36
1,116
2,135
3,225
4,39
5,54
6,73
7,15
8,43
9,60
Valor,Contagem
0,143
1,111
2,48
3,29
4,68
5,75
6,69
7,17
8,48
9,188
Valor,Contagem
0,50
1,176
2,17
3,137
4,116
5,92
6,62
7,51
8,66
9,28
Valor,Contagem
0,49
1,62
2,41
3,36
4,276
6,47
7,117
8,65
9,104
Valor,Contagem
0,60
1,27
2,86
3,236
4,124
5,18
6,68
7,72
8,40
9,66
Valor,Contagem
0,51
1,185
2,69
3,38
4,30
5,136
6,56
7,12
8,103
9,116
Valor,Contagem
0,56
1,57
2,35
3,48
4,41
5,23
6,185
7,99
8,92
9,159
Valor,Contagem
0,89
1,32
2,52
3,82
4,14
5,29
6,227
7,27
8,136
9,108
Valor,Contagem
0,76
1,76
2,104
3,108
4,64
5,33
6,88
7,28
8,98
9,120
Valor,Contagem
0,28
1,11
2,95
3,292
4,86
5,68
6,142
7,56
8,8
9,12
Valor,Contagem
0,173
1,126
2,72
3,56
4,101
5,31
6,16
7,25
8,92
9,104
Valor,Contagem
0,116
1,115
2,140
3,32
4,91
5,39
6,40
7,32
8,43
9,148
Valor,Contagem
0,112
1,36
2,80
3,172
4,84
5,52
6,38
7,82
8,62
9,79
Valor,Contagem
0,43
1,125
2,52
3,80
4,52
5,42
6,156
7,78
8,55
9,113
Valor,Contagem
0,4
1,95
2,84
3,167
4,73
5,128
6,35
7,100
8,79
9,31
Valor,Contagem
0,9
1,14
2,44
3,122
4,92
5,229
6,144
7,4
8,80
9,59
Valor,Contagem
0,145
1,13
2,132
3,34
4,142
5,56
6,80
7,109
8,72
9,13
Valor,Contagem
0,86
1,20
2,111
3,88
4,231
5,78
6,78
7,44
8,12
9,48
Valor,Contagem
0,70
1,82
2,53
3,48
4,80
5,30
6,165
7,24
8,131
9,112
Valor,Contagem
0,45
1,164
2,76
3,132
4,20
5,33
6,124
7,52
8,53
9,96
Valor,Contagem
0,146
1,44
2,104
3,77
4,24
5,21
6,127
7,153
8,28
9,71
Valor,Contagem
0,52
1,57
2,34
3,57
4,177
5,63
6,29
7,112
8,169
9,45
Valor,Contagem
0,120
1,36
2,134
3,10
4,279
5,62
6,83
7,56
8,12
9,4
Valor,Contagem
0,100
1,25
2,73
3,66
4,28
5,226
6,28
7,15
8,207
9,27
Valor,Contagem
0,113
1,56
2,45
3,5
4,160
5,29
6,67
7,48
8,48
9,225
Valor,Contagem
0,157
1,129
2,24
3,19
4,115
5,97
6,66
7,25
8,21
9,142
Valor,Contagem
0,54
1,85
2,69
3,69
4,130
5,43
6,14
7,85
8,120
9,127
Valor,Contagem
0,7
1,69
2,261
3,25
4,133
5,62
6,12
7,68
8,85
9,74
Valor,Contagem
0,34
1,108
2,18
3,86
4,172
5,107
6,48
7,49
8,114
9,60
Valor,Contagem
0,110
1,74
2,52
3,22
4,130
5,103
6,96
7,79
8,35
9,96
Valor,Contagem
0,119
1,43
2,100
3,11
4,146
5,91
6,96
7,28
8,127
9,36
Valor,Contagem
0,88
1,95
2,86
3,39
4,43
5,50
6,197
7,20
8,74
9,104
Valor,Contagem
0,27
1,53
2,30
3,79
4,24
5,202
6,199
7,80
8,96
9,8
Valor,Contagem
0,47
1,159
2,99
3,69
4,45
5,97
6,32
7,116
8,83
9,50
Valor,Contagem
0,19
1,56
2,78
3,98
4,135
5,20
6,164
7,91
8,24
9,112
Valor,Contagem
0,125
1,36
2,42
3,98
4,62
5,162
6,56
7,100
8,56
9,60
Valor,Contagem
0,43
1,61
2,147
3,38
4,96
5,111
6,104
7,36
8,60
9,100
Valor,Contagem
0,76
1,111
2,120
3,63
4,34
5,84
6,47
7,126
8,25
9,112
Valor,Contagem
0,43
1,51
2,133
3,84
4,48
5,31
6,142
7,124
8,34
9,106
Valor,Contagem
0,65
1,98
2,124
3,64
4,108
5,32
6,84
7,24
8,54
9,144
Valor,Contagem
0,91
1,90
2,48
3,51
4,122
5,135
6,40
7,84
8,29
9,105
Valor,Contagem
0,102
1,31
2,77
3,16
4,195
5,168
6,38
7,20
8,66
9,84
Valor,Contagem
0,20
1,166
2,120
3,75
4,110
5,72
6,20
7,89
8,80
9,45
Valor,Contagem
0,99
1,132
2,31
3,112
4,37
5,27
6,49
7,88
8,209
9,12
Valor,Contagem
0,72
1,32
2,53
3,114
4,139
5,120
6,95
7,17
8,68
9,85
Valor,Contagem
0,45
1,117
2,53
3,84
4,132
5,34
6,36
7,93
8,87
9,113
Valor,Contagem
0,100
1,57
2,51
3,95
4,160
5,32
6,121
7,68
8,20
9,91
Valor,Contagem
0,103
1,105
2,77
3,1
4,28
5,58
6,205
7,17
8,41
9,160
Valor,Contagem
0,64
1,80
2,24
3,8
4,51
5,140
6,86
7,176
8,80
9,86
Valor,Contagem
0,22
1,53
2,43
3,72
4,72
5,120
6,24
7,145
8,116
9,127
Valor,Contagem
0,59
1,78
2,148
3,20
4,105
5,20
6,151
7,31
8,32
9,153
Valor,Contagem
0,104
1,88
2,72
3,116
4,57
5,38
6,65
7,168
8,70
9,19
Valor,Contagem
0,124
1,47
2,132
3,24
4,24
5,134
6,10
7,120
8,81
9,100
Valor,Contagem
0,21
1,88
2,94
3,78
4,84
5,203
6,57
7,31
8,92
9,48
Valor,Contagem
0,59
1,43
2,153
3,75
4,45
5,40
6,209
7,32
8,32
9,109
Valor,Contagem
0,48
1,212
2,49
3,115
4,64
5,120
6,104
7,10
8,52
9,22
Valor,Contagem
0,30
1,44
2,103
3,156
4,65
5,49
6,120
7,64
8,19
9,147
Valor,Contagem
0,80
1,68
2,12
3,109
4,196
5,77
6,79
7,21
8,95
9,60
Valor,Contagem
0,53
1,36
2,34
3,13
4,192
5,46
6,203
7,52
8,44
9,123
Valor,Contagem
0,40
1,106
2,44
3,174
4,115
5,67
6,120
7,8
8,81
9,42
Valor,Contagem
0,171
1,35
2,111
3,61
4,73
5,5
6,27
7,201
8,65
9,47
Valor,Contagem
0,45
1,59
2,281
3,30
4,147
5,46
6,31
7,41
8,60
9,56
Valor,Contagem
0,154
1,16
2,38
3,100
4,137
5,93
6,28
7,68
8,110
9,53
Valor,Contagem
0,31
1,82
2,196
3,52
4,16
5,25
6,36
7,87
8,186
9,87
Valor,Contagem
0,37
1,137
2,5
3,104
4,52
5,64
6,161
7,188
8,18
9,28
Valor,Contagem
0,64
1,153
2,86
3,68
4,13
5,73
6,230
7,73
8,18
9,17
Valor,Contagem
0,78
1,156
2,60
3,16
4,41
5,104
6,37
7,52
8,171
9,80
Valor,Contagem
0,40
1,72
2,83
3,73
4,32
5,49
6,152
7,93
8,165
9,36
Valor,Contagem
0,166
1,57
2,28
3,28
4,116
5,39
6,34
7,72
8,64
9,192
Valor,Contagem
0,183
1,56
2,29
3,62
4,64
5,96
6,113
7,48
8,96
9,48
Valor,Contagem
0,61
1,42
2,111
3,16
4,36
5,36
6,100
7,255
8,56
9,83
Valor,Contagem
0,58
1,45
2,100
3,126
4,25
5,51
6,148
7,68
8,101
9,74
Valor,Contagem
0,9
1,255
2,89
3,121
4,148
5,46
6,42
7,57
8,7
9,22
Valor,Contagem
0,40
1,94
2,24
3,71
4,55
5,132
6,158
7,109
8,21
9,92
Valor,Contagem
0,69
1,118
2,52
3,81
4,68
5,89
6,54
7,36
8,71
9,158
Valor,Contagem
0,74
1,77
2,144
3,36
4,97
5,94
6,55
7,116
8,37
9,66
Valor,Contagem
0,12
1,108
2,70
3,80
4,42
5,20
6,52
7,168
8,224
9,22
Valor,Contagem
0,96
1,23
2,102
3,4
4,96
5,56
6,125
7,132
8,84
9,77
Valor,Contagem
0,53
1,62
2,160
3,44
4,100
5,46
6,143
7,104
8,16
9,69
Valor,Contagem
0,83
1,85
2,38
3,69
4,110
5,49
6,80
7,81
8,97
9,104
Valor,Contagem
0,108
1,56
2,56
3,185
4,88
5,32
6,64
7,48
8,128
9,31
Valor,Contagem
0,15
1,36
2,236
3,110
4,33
5,101
6,42
7,99
8,52
9,71
Valor,Contagem
0,20
1,134
2,56
3,23
4,44
5,77
6,16
7,189
8,233
9,4
Valor,Contagem
0,48
1,42
2,44
3,69
4,85
5,29
6,213
7,94
8,112
9,59
Valor,Contagem
0,16
1,96
2,90
3,143
4,24
5,83
6,9
7,161
8,131
9,44
Valor,Contagem
0,41
1,44
2,129
3,42
4,96
5,101
6,133
7,34
8,31
9,144
Valor,Contagem
0,63
1,81
2,72
3,61
4,40
5,88
6,120
7,211
8,35
9,24
Valor,Contagem
0,49
1,13
2,93
3,204
4,110
5,24
6,78
7,45
8,120
9,59
Valor,Contagem
0,91
1,79
2,168
3,163
4,53
5,16
6,50
7,76
8,36
9,64
Valor,Contagem
0,78
1,174
2,139
3,83
4,48
5,148
6,10
7,29
8,41
9,46
Valor,Contagem
0,176
1,24
2,91
3,50
4,148
5,85
6,8
7,35
8,44
9,136
Valor,Contagem
0,56
1,24
2,98
3,74
4,97
5,165
6,41
7,72
8,27
9,142
Valor,Contagem
0,58
1,140
2,81
3,10
4,88
5,140
6,48
7,114
8,36
9,81
Valor,Contagem
0,62
1,111
2,96
3,80
4,71
5,74
6,91
7,74
8,12
9,125
Valor,Contagem
0,116
1,100
2,166
3,67
4,24
5,128
6,26
7,50
8,89
9,31
Valor,Contagem
0,280
1,29
2,19
3,78
4,95
5,3
6,70
7,56
8,136
9,30
Valor,Contagem
0,105
1,99
2,4
3,139
4,34
5,66
6,188
7,57
8,28
9,76
Valor,Contagem
0,91
1,48
2,96
3,112
4,51
5,52
6,214
7,18
8,21
9,92
Valor,Contagem
0,76
1,132
2,42
3,30
4,108
5,127
6,73
7,109
8,25
9,75
Valor,Contagem
0,41
1,29
2,52
3,120
4,84
5,152
6,148
7,60
8,88
9,22
Valor,Contagem
0,59
1,92
2,256
3,61
4,16
5,15
6,20
7,100
8,120
9,57
Valor,Contagem
0,180
1,32
2,202
3,20
4,56
5,106
6,40
7,44
8,60
9,58
Valor,Contagem
0,100
1,108
2,81
3,69
4,135
5,20
6,49
7,109
8,52
9,71
Valor,Contagem
0,159
1,83
2,48
3,32
4,44
5,251
6,68
7,45
8,28
9,37
Valor,Contagem
0,10
1,33
2,86
3,127
4,77
5,20
6,195
7,56
8,147
9,45
Valor,Contagem
0,133
1,100
2,84
3,115
4,109
5,106
6,18
7,23
8,59
9,48
Valor,Contagem
0,29
1,140
2,191
3,54
4,50
5,19
6,78
7,25
8,42
9,168
Valor,Contagem
0,100
1,84
2,19
3,114
4,32
5,36
6,64
7,22
8,159
9,168
Valor,Contagem
0,48
1,308
2,36
3,7
4,35
5,65
6,44
7,72
8,66
9,115
Valor,Contagem
0,92
1,118
2,9
3,155
4,62
5,15
6,107
7,128
8,72
9,39
Valor,Contagem
0,67
1,192
2,6
3,94
4,139
5,77
6,52
7,24
8,69
9,77
Valor,Contagem
0,95
1,186
2,40
3,141
4,22
5,11
6,28
7,78
8,99
9,96
Valor,Contagem
0,124
1,29
2,20
3,90
4,12
5,38
6,24
7,91
8,248
9,121
Valor,Contagem
0,33
1,84
2,19
3,69
4,17
5,70
6,113
7,86
8,113
9,191
Valor,Contagem
0,65
1,74
2,26
3,106
4,34
5,30
6,176
7,20
8,95
9,171
Valor,Contagem
0,92
1,37
2,36
3,40
4,72
5,192
6,39
7,63
8,48
9,178
Valor,Contagem
0,24
1,13
2,115
3,79
4,82
5,104
6,96
7,112
8,94
9,78
Valor,Contagem
0,45
1,92
2,76
3,40
4,121
5,63
6,48
7,258
8,48
9,6
Valor,Contagem
0,153
1,78
2,23
3,192
4,42
5,119
6,71
7,56
8,17
9,45
Valor,Contagem
0,6
1,25
2,149
3,41
4,101
5,25
6,141
7,124
8,89
9,93
Valor,Contagem
0,64
1,60
2,88
3,92
4,7
5,53
6,171
7,153
8,29
9,80
Valor,Contagem
0,131
1,64
2,124
3,32
4,16
5,128
6,102
7,48
8,88
9,64
Valor,Contagem
0,56
1,56
2,104
3,36
4,73
5,44
6,96
7,26
8,144
9,160
Valor,Contagem
0,111
1,21
2,108
3,23
4,56
5,140
6,47
7,138
8,100
9,52
Valor,Contagem
0,64
1,43
2,212
3,62
4,24
5,63
6,70
7,87
8,31
9,140
Valor,Contagem
0,103
1,105
2,138
3,248
4,31
5,60
6,22
7,25
8,28
9,37
Valor,Contagem
0,56
1,230
2,94
3,60
4,21
5,47
6,17
7,52
8,98
9,121
Valor,Contagem
0,41
1,148
2,46
3,52
4,96
5,81
6,37
7,73
8,39
9,182
Valor,Contagem
0,56
1,47
2,143
3,86
4,88
5,104
6,116
7,35
8,104
9,17
Valor,Contagem
0,78
1,52
2,135
3,104
4,41
5,25
6,32
7,20
8,128
9,180
Valor,Contagem
0,74
1,181
2,31
3,96
4,44
5,16
6,34
7,92
8,106
9,123
Valor,Contagem
0,9
1,104
2,105
3,172
4,66
5,139
6,33
7,61
8,19
9,88
Valor,Contagem
0,122
1,57
2,36
3,83
4,140
5,47
6,45
7,136
8,87
9,44
Valor,Contagem
0,20
1,9
2,31
3,12
4,100
5,30
6,139
7,107
8,112
9,236
Valor,Contagem
0,40
1,14
2,164
3,20
4,44
5,100
6,86
7,36
8,147
9,147
Valor,Contagem
0,115
1,77
2,199
3,8
4,66
5,2
6,92
7,84
8,44
9,108
Valor,Contagem
0,48
1,187
2,9
3,40
4,172
5,65
6,96
7,61
8,53
9,64
Valor,Contagem
0,22
1,53
2,28
3,115
4,144
5,224
6,78
7,58
8,47
9,27
Valor,Contagem
0,104
1,52
2,48
3,99
4,106
5,152
6,12
7,161
8,53
9,8
Valor,Contagem
0,56
1,41
2,87
3,136
4,22
5,21
6,78
7,40
8,124
9,189
Valor,Contagem
0,138
1,23
2,49
3,40
4,140
5,85
6,99
7,12
8,17
9,192
Valor,Contagem
0,73
1,140
2,132
3,61
4,42
5,42
6,56
7,71
8,89
9,89
Valor,Contagem
0,96
1,194
2,167
3,52
4,137
5,15
6,26
7,25
8,9
9,74
Valor,Contagem
0,112
1,72
2,48
3,122
4,82
5,34
6,52
7,124
8,95
9,55
Valor,Contagem
0,68
1,47
2,153
3,32
4,82
5,124
6,32
7,62
8,95
9,101
Valor,Contagem
0,158
1,52
2,77
3,66
4,109
5,18
6,50
7,65
8,93
9,107
Valor,Contagem
0,32
1,196
2,29
3,61
4,59
5,60
6,24
7,60
8,123
9,152
Valor,Contagem
0,68
1,145
2,84
3,68
4,202
5,48
6,88
7,20
8,64
9,9
Valor,Contagem
0,28
1,151
2,47
3,79
4,144
5,104
6,32
7,75
8,84
9,54
Valor,Contagem
0,51
1,12
2,67
3,68
4,104
5,50
6,76
7,41
8,263
9,64
Valor,Contagem
0,66
1,181
2,150
3,84
4,67
5,52
6,28
7,16
8,30
9,120
Valor,Contagem
0,88
1,16
2,11
3,63
4,59
5,179
6,156
7,68
8,55
9,101
Valor,Contagem
0,23
1,158
2,64
3,77
4,58
5,93
6,65
7,100
8,120
9,38
Valor,Contagem
0,12
1,90
2,96
3,25
4,93
5,34
6,63
7,28
8,20
9,335
Valor,Contagem
0,35
1,69
2,64
3,70
4,139
5,43
6,95
7,193
8,18
9,71
Valor,Contagem
0,27
1,304
2,11
3,44
4,64
5,101
6,33
7,164
8,25
9,22
Valor,Contagem
0,132
1,77
2,33
3,76
4,65
5,14
6,164
7,29
8,11
9,194
Valor,Contagem
0,99
1,72
2,41
3,95
4,10
5,31
6,82
7,101
8,224
9,41
Valor,Contagem
0,17
1,36
2,148
3,36
4,82
5,70
6,189
7,116
8,50
9,52
Valor,Contagem
0,52
1,81
2,94
3,116
4,128
5,104
6,60
7,70
8,49
9,40
Valor,Contagem
0,20
1,72
2,50
3,128
4,173
5,33
6,27
7,53
8,172
9,67
Valor,Contagem
0,118
1,79
2,136
3,44
4,68
5,28
6,129
7,128
8,37
9,28
Valor,Contagem
0,81
1,38
2,18
3,60
4,132
5,103
6,168
7,54
8,44
9,97
Valor,Contagem
0,132
1,50
2,126
3,135
4,9
5,24
6,67
7,98
8,88
9,68
Valor,Contagem
0,115
1,11
2,66
3,164
4,196
5,34
6,107
7,54
8,41
9,8
Valor,Contagem
0,244
1,59
2,29
3,158
4,56
5,65
6,39
7,54
8,7
9,85
Valor,Contagem
0,109
1,104
2,30
3,124
4,102
5,77
6,115
7,36
8,77
9,21
Valor,Contagem
0,98
1,74
2,38
3,73
4,35
5,74
6,125
7,110
8,97
9,72
Valor,Contagem
0,54
1,114
2,38
3,84
4,104
5,31
6,65
7,65
8,112
9,130
Valor,Contagem
0,18
1,45
2,174
3,43
4,23
5,87
6,188
7,57
8,59
9,102
Valor,Contagem
0,101
1,155
2,111
3,73
4,33
5,70
6,88
7,25
8,7
9,133
Valor,Contagem
0,58
1,150
2,32
3,44
4,25
5,157
6,45
7,215
8,18
9,52
Valor,Contagem
0,110
1,86
2,86
3,141
4,20
5,132
6,12
7,22
8,93
9,92
Valor,Contagem
0,134
1,51
2,24
3,31
4,158
5,22
6,7
7,24
8,71
9,275
Valor,Contagem
0,37
1,23
2,99
3,53
4,100
5,86
6,8
7,164
8,138
9,88
Valor,Contagem
0,16
1,52
2,86
3,97
4,16
5,75
6,15
7,182
8,156
9,100
Valor,Contagem
0,54
1,56
2,219
3,88
4,103
5,79
6,52
7,58
8,36
9,51
Valor,Contagem
0,92
1,89
2,121
3,58
4,36
5,67
6,29
7,78
8,79
9,146
Valor,Contagem
0,160
1,59
2,110
3,56
4,94
5,74
6,40
7,70
8,39
9,94
Valor,Contagem
0,170
1,52
2,42
3,52
4,112
5,50
6,156
7,63
8,72
9,28
Valor,Contagem
0,31
1,292
2,63
3,12
4,8
5,107
6,59
7,63
8,37
9,125
Valor,Contagem
0,70
1,51
2,60
3,21
4,102
5,128
6,84
7,41
8,62
9,176
Valor,Contagem
0,4
1,35
2,99
3,112
4,47
5,72
6,97
7,26
8,158
9,146
Valor,Contagem
0,129
1,79
2,88
3,62
4,97
5,58
6,123
7,46
8,109
9,4
Valor,Contagem
0,44
1,100
2,99
3,41
4,218
5,81
6,45
7,116
8,20
9,32
Valor,Contagem
0,133
1,160
2,46
3,90
4,39
5,22
6,61
7,61
8,96
9,88
Valor,Contagem
0,170
1,72
2,60
3,44
4,60
5,93
6,6
7,81
8,16
9,193
Valor,Contagem
0,113
1,53
2,51
3,21
4,114
5,171
6,86
7,112
8,68
9,7
Valor,Contagem
0,120
1,22
2,144
4,48
5,138
6,100
7,117
8,62
9,44
Valor,Contagem
0,65
1,8
2,61
3,211
4,49
5,49
6,41
7,39
8,242
9,31
Valor,Contagem
0,155
1,66
2,96
3,31
4,25
5,69
6,31
7,119
8,127
9,78
Valor,Contagem
0,60
1,5
2,92
3,22
4,141
5,124
6,209
7,63
8,39
9,41
Valor,Contagem
0,136
1,128
2,96
3,73
4,44
5,142
6,10
7,28
8,14
9,125
Valor,Contagem
0,84
1,72
2,88
3,24
4,42
5,50
6,77
7,164
8,44
9,150
Valor,Contagem
0,208
1,1
2,32
3,26
4,165
5,64
6,89
7,38
8,48
9,124
Valor,Contagem
0,33
1,139
2,31
3,24
4,40
5,148
6,96
7,46
8,129
9,109
Valor,Contagem
0,16
1,92
2,25
3,70
4,92
5,39
6,212
7,64
8,120
9,67
Valor,Contagem
0,129
1,62
2,80
3,104
4,116
5,100
6,88
7,39
8,36
9,42
Valor,Contagem
0,43
1,61
2,25
3,152
4,94
5,84
6,122
7,92
8,65
9,59
Valor,Contagem
0,90
1,120
2,70
3,100
4,20
5,108
6,103
7,115
8,24
9,48
Valor,Contagem
0,120
1,111
2,36
3,68
4,56
5,164
6,18
7,55
8,69
9,99
Valor,Contagem
0,28
1,167
2,99
3,19
4,30
5,71
6,114
7,100
8,45
9,123
Valor,Contagem
0,74
1,7
2,107
3,56
4,94
5,48
6,109
7,29
8,180
9,92
Valor,Contagem
0,121
1,111
2,92
3,17
4,23
5,30
6,105
7,64
8,71
9,161
Valor,Contagem
0,101
1,102
2,9
3,32
4,98
5,76
6,215
7,37
8,50
9,76
Valor,Contagem
0,124
1,124
2,63
3,84
4,68
5,41
6,40
7,87
8,116
9,50
Valor,Contagem
0,96
1,99
2,33
3,146
4,32
5,86
6,204
7,20
8,44
9,36
Valor,Contagem
0,74
1,56
2,128
3,37
4,20
5,90
6,136
7,35
8,164
9,57
Valor,Contagem
0,47
1,210
2,12
3,72
4,17
5,64
6,106
7,54
8,42
9,172
Valor,Contagem
0,51
1,20
2,163
3,56
4,20
5,12
6,198
7,108
8,87
9,84
Valor,Contagem
0,105
1,36
2,36
3,104
4,150
5,88
6,36
7,156
8,53
9,29
Valor,Contagem
0,89
1,56
2,79
3,75
4,79
5,132
6,52
7,112
8,68
9,55
Valor,Contagem
0,58
1,52
2,72
3,140
4,88
5,65
6,72
7,40
8,132
9,77
Valor,Contagem
0,89
1,132
2,38
3,48
4,150
5,103
6,24
7,84
8,74
9,53
Valor,Contagem
0,84
1,74
2,68
3,160
4,17
5,38
6,86
7,146
8,44
9,79
Valor,Contagem
0,71
1,130
2,24
3,57
4,92
5,191
6,24
7,77
8,87
9,44
Valor,Contagem
0,80
1,18
2,154
3,92
4,53
5,90
6,17
7,29
8,197
9,64
Valor,Contagem
0,59
1,176
2,16
3,41
4,120
5,200
6,33
7,73
8,29
9,48
Valor,Contagem
0,142
1,129
2,79
3,58
4,126
5,4
6,24
7,68
8,132
9,34
Valor,Contagem
0,79
1,56
2,71
3,47
4,51
5,8
6,84
7,54
8,172
9,176
Valor,Contagem
0,166
1,16
2,25
3,40
4,177
5,82
6,108
7,29
8,76
9,76
Valor,Contagem
0,94
1,82
2,142
3,44
4,11
5,28
6,44
7,128
8,166
9,57
Valor,Contagem
0,89
1,24
2,61
3,170
4,32
5,79
6,74
7,127
8,89
9,51
Valor,Contagem
0,112
1,91
2,53
3,114
4,18
5,119
6,52
7,181
8,21
9,35
Valor,Contagem
0,73
1,29
2,96
3,65
4,38
5,93
6,100
7,92
8,104
9,106
Valor,Contagem
0,70
1,59
2,56
3,56
4,144
5,108
6,40
7,113
8,31
9,120
Valor,Contagem
0,228
1,43
2,76
3,56
4,77
5,50
6,15
7,158
8,66
9,28
Valor,Contagem
0,50
1,99
2,170
3,26
4,99
5,48
6,96
7,59
8,98
9,52
Valor,Contagem
0,33
1,144
2,91
3,34
4,56
5,111
6,43
7,92
8,131
9,62
Valor,Contagem
0,230
1,64
2,50
3,62
4,92
5,14
6,56
7,88
8,56
9,85
Valor,Contagem
0,35
1,47
2,102
3,63
4,129
5,39
6,160
7,50
8,55
9,117
Valor,Contagem
0,55
1,70
2,102
3,74
4,32
5,22
6,40
7,222
8,159
9,21
Valor,Contagem
0,93
1,18
2,36
3,125
4,30
5,95
6,15
7,228
8,120
9,35
Valor,Contagem
0,122
1,194
2,91
3,153
4,12
5,17
6,80
7,24
8,32
9,72
Valor,Contagem
0,31
1,35
2,74
3,93
4,145
5,40
6,40
7,81
8,155
9,102
Valor,Contagem
0,80
1,116
2,203
3,32
4,105
5,40
6,20
7,48
8,36
9,116
Valor,Contagem
0,64
1,71
2,135
3,12
4,14
5,93
6,84
7,248
8,72
9,4
Valor,Contagem
0,72
1,20
2,13
3,131
4,54
5,111
6,70
7,96
8,104
9,125
Valor,Contagem
0,59
1,128
2,172
3,9
4,76
5,48
6,65
7,64
8,80
9,95
Valor,Contagem
0,43
1,27
2,55
3,35
4,87
5,19
6,87
7,159
8,219
9,67
Valor,Contagem
0,49
1,104
2,53
3,44
4,64
5,196
6,30
7,143
8,4
9,110
Valor,Contagem
0,69
1,28
2,129
3,72
4,75
5,47
6,80
7,153
8,28
9,116
Valor,Contagem
0,42
1,136
2,56
3,20
4,196
5,72
6,38
7,104
8,69
9,64
Valor,Contagem
0,153
1,216
2,12
3,67
4,28
5,32
6,25
7,30
8,151
9,81
Valor,Contagem
0,87
1,31
2,62
3,152
4,120
5,25
6,50
7,77
8,68
9,125
Valor,Contagem
0,148
1,56
2,68
3,87
4,116
5,51
6,50
7,68
8,136
9,17
Valor,Contagem
0,12
1,28
2,182
3,85
4,31
5,99
6,30
7,75
8,78
9,176
Valor,Contagem
0,114
1,56
2,48
3,8
4,208
5,46
6,96
7,71
8,122
9,27
Valor,Contagem
0,124
1,33
2,34
3,140
4,89
5,6
6,100
7,144
8,92
9,33
Valor,Contagem
0,78
1,9
2,75
3,188
4,28
5,80
6,84
7,45
8,144
9,64
Valor,Contagem
0,26
1,20
2,287
3,68
4,13
5,107
6,91
7,49
8,77
9,57
Valor,Contagem
0,201
1,40
2,60
3,44
4,86
5,24
6,78
7,75
8,84
9,103
Valor,Contagem
0,9
1,114
2,104
3,100
4,96
5,48
6,4
7,52
8,113
9,156
Valor,Contagem
0,112
1,33
2,86
3,37
4,191
5,126
6,10
7,50
8,116
9,34
Valor,Contagem
0,36
1,56
2,172
3,34
4,49
5,147
6,72
7,86
8,84
9,60
Valor,Contagem
0,121
1,29
2,131
3,37
4,77
5,28
6,133
7,130
8,64
9,44
Valor,Contagem
0,91
1,95
2,92
3,23
4,236
5,151
6,36
7,51
8,14
9,8
Valor,Contagem
0,156
1,100
2,65
3,71
4,38
5,30
6,43
7,91
8,74
9,128
Valor,Contagem
0,28
1,36
2,11
3,83
4,77
5,54
6,90
7,104
8,179
9,135
Valor,Contagem
0,53
1,65
2,204
3,86
4,27
5,53
6,4
7,126
8,112
9,65
Valor,Contagem
0,13
1,32
2,27
3,72
4,61
5,74
6,35
7,122
8,118
9,242
Valor,Contagem
0,195
1,108
2,43
3,56
4,179
5,26
6,73
7,23
8,63
9,32
Valor,Contagem
0,50
1,68
2,16
3,54
4,132
5,35
6,94
7,28
8,206
9,114
Valor,Contagem
0,52
1,52
2,89
3,132
4,132
5,134
6,56
7,66
8,58
9,24
Valor,Contagem
0,23
1,64
2,162
3,21
4,43
5,108
6,91
7,149
8,72
9,64
Valor,Contagem
0,78
1,78
2,31
3,29
4,34
5,102
6,82
7,56
8,181
9,125
Valor,Contagem
0,109
1,72
2,87
3,64
4,193
5,47
6,79
7,13
8,49
9,83
Valor,Contagem
0,87
1,55
2,40
3,6
4,96
5,48
6,79
7,96
8,172
9,116
Valor,Contagem
0,117
1,51
2,172
3,110
4,40
5,38
6,5
7,31
8,88
9,144
Valor,Contagem
0,30
1,20
2,67
3,24
4,45
5,174
6,14
7,284
8,36
9,100
Valor,Contagem
0,96
1,192
2,55
3,95
4,19
5,76
6,33
7,70
8,73
9,87
Valor,Contagem
0,118
1,24
2,60
3,207
4,83
5,97
6,27
7,48
8,64
9,69
Valor,Contagem
0,119
1,94
2,36
3,80
4,155
5,39
6,64
7,120
8,33
9,56
Valor,Contagem
0,18
1,58
2,69
3,130
4,242
5,60
6,181
7,15
8,12
9,11
Valor,Contagem
0,66
1,170
2,6
3,38
4,4
5,52
6,62
7,185
8,177
9,36
Valor,Contagem
0,84
1,59
2,48
3,56
4,13
5,38
6,140
7,227
8,55
9,76
Valor,Contagem
0,64
1,31
2,137
3,115
4,121
5,7
6,56
7,128
8,24
9,113
Valor,Contagem
0,68
1,40
2,14
3,19
4,168
5,43
6,69
7,224
8,47
9,104
Valor,Contagem
0,141
1,4
2,185
3,52
4,150
5,150
6,28
7,30
8,56
Valor,Contagem
0,19
1,88
2,59
3,49
4,50
5,52
6,178
7,223
8,22
9,57
Valor,Contagem
0,43
1,167
2,26
3,44
4,67
5,57
6,168
7,46
8,44
9,134
Valor,Contagem
0,94
1,52
2,43
3,129
4,44
5,99
6,169
7,74
8,28
9,64
Valor,Contagem
0,128
1,205
2,64
3,56
4,190
5,35
6,28
7,60
8,16
9,13
Valor,Contagem
0,8
1,97
2,44
3,132
4,29
5,26
6,117
7,122
8,168
9,52
Valor,Contagem
0,88
1,103
2,109
3,76
4,137
5,24
6,19
7,59
8,115
9,66
Valor,Contagem
0,137
1,19
2,25
3,12
4,120
5,33
6,210
7,40
8,77
9,123
Valor,Contagem
0,65
1,95
2,27
3,37
4,58
5,114
6,24
7,37
8,28
9,311
Valor,Contagem
0,52
1,149
2,34
3,220
4,44
5,98
6,64
7,69
8,45
9,22
Valor,Contagem
0,76
1,84
2,80
3,60
4,17
5,54
6,80
7,152
8,106
9,89
Valor,Contagem
0,124
1,180
2,40
3,124
4,40
5,58
6,51
7,102
8,36
9,40
Valor,Contagem
0,62
1,48
2,36
3,130
4,161
5,8
6,47
7,182
8,78
9,44
Valor,Contagem
0,69
1,50
2,120
3,130
4,92
5,79
6,30
7,133
8,64
9,29
Valor,Contagem
0,28
1,80
2,10
3,200
4,3
5,45
6,54
7,272
8,76
9,29
Valor,Contagem
0,40
1,32
2,80
3,97
4,9
5,85
6,129
7,148
8,9
9,165
Valor,Contagem
0,108
1,66
2,94
3,40
4,107
5,111
6,20
7,114
8,84
9,52
Valor,Contagem
0,147
1,48
2,78
3,96
4,72
5,129
6,86
7,17
8,39
9,84
Valor,Contagem
0,218
1,118
2,88
3,34
4,55
5,102
6,29
7,40
8,65
9,47
Valor,Contagem
0,168
1,17
2,35
3,61
4,65
5,41
6,128
7,72
8,124
9,84
Valor,Contagem
0,48
1,50
2,112
3,13
4,12
5,102
6,113
7,228
8,73
9,44
Valor,Contagem
0,144
1,103
2,155
3,17
4,81
5,153
6,74
7,16
8,44
9,9
Valor,Contagem
0,28
1,48
2,99
3,51
4,60
5,22
6,100
7,104
8,28
9,255
Valor,Contagem
0,66
1,8
2,64
3,141
4,89
5,16
6,98
7,88
8,92
9,135
Valor,Contagem
0,119
1,23
2,132
3,109
4,112
5,68
6,156
7,38
8,17
9,22
Valor,Contagem
0,68
1,98
2,84
3,64
4,115
5,40
6,125
7,52
8,28
9,120
Valor,Contagem
0,22
1,60
2,69
3,203
4,167
5,169
6,16
7,12
8,32
9,46
Valor,Contagem
0,101
1,9
2,143
3,88
4,144
5,23
6,70
7,35
8,37
9,145
Valor,Contagem
0,49
1,145
2,83
3,167
4,68
5,48
6,61
7,85
8,61
9,28
Valor,Contagem
0,43
1,31
2,195
3,26
4,46
5,114
6,101
7,177
8,38
9,25
Valor,Contagem
0,33
1,92
2,25
3,160
4,16
5,111
6,69
7,96
8,88
9,106
Valor,Contagem
0,86
1,80
2,32
3,112
4,63
5,120
6,70
7,65
8,48
9,121
Valor,Contagem
0,36
1,45
2,42
3,115
4,21
5,154
6,93
7,90
8,128
9,71
Valor,Contagem
0,74
1,6
2,92
3,163
4,138
5,114
6,40
7,14
8,38
9,117
Valor,Contagem
0,94
1,106
2,56
3,74
4,64
5,66
6,101
7,196
8,31
9,8
Valor,Contagem
0,35
1,15
2,88
3,156
4,58
5,13
6,20
7,94
8,152
9,164
Valor,Contagem
0,108
1,158
3,82
4,100
5,81
6,67
7,31
8,82
9,86
Valor,Contagem
0,136
1,65
2,25
3,63
4,112
5,51
6,33
7,53
8,184
9,73
Valor,Contagem
0,79
1,113
2,116
3,20
4,57
5,56
6,70
7,129
8,40
9,114
Valor,Contagem
0,59
1,53
2,161
3,13
4,58
5,128
6,148
7,75
8,53
9,47
Valor,Contagem
0,40
1,151
2,168
3,48
4,27
5,36
6,34
7,31
8,45
9,216
Valor,Contagem
0,94
1,16
2,123
3,64
4,123
5,33
6,25
7,100
8,92
9,126
Valor,Contagem
0,24
1,29
2,148
3,142
4,76
5,65
6,78
7,73
8,95
9,65
Valor,Contagem
0,67
1,58
2,143
3,77
4,92
5,155
6,100
7,14
8,49
9,41
Valor,Contagem
0,21
1,80
2,111
3,176
4,58
5,20
6,75
7,59
8,166
9,31
Valor,Contagem
0,91
1,88
2,16
3,40
4,16
5,40
6,77
7,226
8,52
9,150
Valor,Contagem
0,128
1,171
2,49
3,44
4,25
5,16
6,145
7,43
8,87
9,88
Valor,Contagem
0,65
1,25
2,31
3,73
4,87
5,57
6,176
7,17
8,47
9,218
Valor,Contagem
0,124
1,45
2,79
3,50
4,20
5,163
6,24
7,180
8,54
9,58
Valor,Contagem
0,58
1,78
2,121
3,94
4,20
5,129
6,85
7,25
8,16
9,170
Valor,Contagem
0,60
1,147
2,69
3,52
4,51
5,71
6,53
7,126
8,26
9,141
Valor,Contagem
0,44
1,71
2,91
3,148
4,80
5,119
6,107
7,48
8,23
9,66
Valor,Contagem
0,90
1,24
2,51
3,107
4,20
5,288
6,30
7,28
8,86
9,71
Valor,Contagem
0,92
1,70
2,58
3,74
4,40
5,68
6,91
7,123
8,136
9,44
Valor,Contagem
0,78
1,49
2,188
3,44
4,34
5,45
6,95
7,120
8,76
9,68
Valor,Contagem
0,80
1,106
2,1
3,82
4,25
5,117
6,116
7,88
8,62
9,118
Valor,Contagem
0,44
1,173
2,99
3,64
4,162
5,76
6,34
7,25
8,50
9,70
Valor,Contagem
0,216
1,76
2,28
3,79
4,56
5,154
6,76
7,26
8,22
9,63
Valor,Contagem
0,80
1,122
2,104
3,16
4,64
5,68
6,63
7,41
8,122
9,118
Valor,Contagem
0,4
1,28
2,35
3,92
4,59
5,144
6,58
7,50
8,102
9,225
Valor,Contagem
0,21
1,115
2,4
3,120
4,60
5,76
6,145
7,36
8,37
9,180
Valor,Contagem
0,50
1,152
2,46
3,24
4,37
5,23
6,72
7,73
8,90
9,228
Valor,Contagem
0,54
1,59
2,108
3,144
4,40
5,186
6,32
7,62
8,36
9,75
Valor,Contagem
0,19
1,55
2,148
3,180
4,82
5,55
6,79
7,33
8,37
9,108
Valor,Contagem
0,69
1,60
2,28
3,134
4,112
5,53
6,34
7,53
8,127
9,126
Valor,Contagem
0,20
2,172
3,48
4,51
5,50
6,124
7,173
8,73
9,84
